<?xml version="1.0" encoding="UTF-8"?>
<project-private xmlns="http://www.netbeans.org/ns/project-private/1">
    <editor-bookmarks xmlns="http://www.netbeans.org/ns/editor-bookmarks/2" lastBookmarkId="0"/>
    <open-files xmlns="http://www.netbeans.org/ns/projectui-open-files/2">
        <group>
            <file>file:/C:/GithubRepos/Semester5/konkurrens/nagybead_1/src/nagybead_1/FieldRace.java</file>
            <file>file:/C:/GithubRepos/Semester5/konkurrens/nagybead_1/src/nagybead_1/Checkpoint.java</file>
            <file>file:/C:/GithubRepos/Semester5/konkurrens/nagybead_1/src/nagybead_1/Referee.java</file>
            <file>file:/C:/GithubRepos/Semester5/konkurrens/nagybead_1/src/nagybead_1/Player.java</file>
        </group>
    </open-files>
</project-private>
